{"cameraMode":{"drawMode":0,"name":"Shaded","section":"Shading Mode"},"sceneLighting":false,"audioPlay":false,"sceneViewState":{"showFog":true,"showMaterialUpdate":false,"showSkybox":true,"showFlares":true,"showImageEffects":true,"showParticleSystems":true},"in2DMode":false,"pivot":{"x":3.823230266571045,"y":0.3464162051677704,"z":1.3628908395767213},"rotation":{"x":0.16686278581619264,"y":0.6429418921470642,"z":-0.14634834229946137,"w":0.733065128326416},"size":0.8857882618904114,"orthographic":false}