{"cameraMode":{"drawMode":0,"name":"Shaded","section":"Shading Mode"},"sceneLighting":false,"audioPlay":false,"sceneViewState":{"showFog":true,"showMaterialUpdate":false,"showSkybox":true,"showFlares":true,"showImageEffects":true,"showParticleSystems":true},"in2DMode":false,"pivot":{"x":4.494487762451172,"y":1.1533933877944947,"z":-0.7476348876953125},"rotation":{"x":-0.06317934393882752,"y":0.5327415466308594,"z":-0.039930667728185657,"w":-0.8429809808731079},"size":3.1023876667022707,"orthographic":false}